design_id,backbone_id,sequence_index,sequence,sc_rmsd,sc_tm,mean_plddt,mean_plddt_binder,iptm,pae_interface,binder_length,target_length,mpnn_score,composite_score
d000,bb000,0,XXXXXXXXXXXXXXXXXXXXXXXXXXXXXXXXXXXXXXXXXXXXXXXXXXXXXXXXXXXXXXXXXXXXXXXXXXX,2.5101807245999392,0.7535111728850933,84.04213433754299,81.98050689700068,0.6691864793674549,6.8754230214586265,75,117,1.5823341650823717,1.874592462738812
d001,bb000,1,XXXXXXXXXXXXXXXXXXXXXXXXXXXXXXXXXXXXXXXXXXXXXXXXXXXXXXXXXXXXXXXXXXXXXXXXXXX,3.4024147077430382,0.6919554688895391,75.92684395347203,75.81293487104497,0.5530728633893566,7.790933274930236,75,117,1.011723739068924,1.5082366355407073
d002,bb000,2,XXXXXXXXXXXXXXXXXXXXXXXXXXXXXXXXXXXXXXXXXXXXXXXXXXXXXXXXXXXXXXXXXXXXXXXXXXX,2.2046586963685653,0.6770255253115923,81.48723250530249,83.58557974818518,0.5853813355670388,5.016342703030825,75,117,1.0090154150693293,1.7564864622341825
d003,bb000,3,XXXXXXXXXXXXXXXXXXXXXXXXXXXXXXXXXXXXXXXXXXXXXXXXXXXXXXXXXXXXXXXXXXXXXXXXXXX,1.9740845070013207,0.8001556292033619,78.38558905592926,76.43367142369945,0.6568481266872568,7.361490457730427,75,117,1.3623394832413593,1.8962213865951707
d004,bb000,4,XXXXXXXXXXXXXXXXXXXXXXXXXXXXXXXXXXXXXXXXXXXXXXXXXXXXXXXXXXXXXXXXXXXXXXXXXXX,3.6951063954658805,0.5883278469387684,74.80552632757943,72.98437655973653,0.47361795387848504,15.105499348558373,75,117,1.4288779447010809,1.1383804375752924
d005,bb000,5,XXXXXXXXXXXXXXXXXXXXXXXXXXXXXXXXXXXXXXXXXXXXXXXXXXXXXXXXXXXXXXXXXXXXXXXXXXX,2.1040482493086086,0.7286545220479577,87.30999744388856,88.42709536243702,0.6472650219443656,9.00155601219689,75,117,1.334429809180861,1.85858357325641
d006,bb000,6,XXXXXXXXXXXXXXXXXXXXXXXXXXXXXXXXXXXXXXXXXXXXXXXXXXXXXXXXXXXXXXXXXXXXXXXXXXX,2.815206094768857,0.6745717721766767,81.7735981125676,81.330525881106,0.45746157640630125,10.926333195612344,75,117,0.6943208047845575,1.4497220563195212
d007,bb000,7,XXXXXXXXXXXXXXXXXXXXXXXXXXXXXXXXXXXXXXXXXXXXXXXXXXXXXXXXXXXXXXXXXXXXXXXXXXX,2.6273833179524897,0.7205554961697104,87.07655897931794,88.37152836073689,0.5336763301490014,11.091446371568434,75,117,1.3614103319784752,1.6404301568852735
d008,bb001,0,XXXXXXXXXXXXXXXXXXXXXXXXXXXXXXXXXXXXXXXXXXXXXXXXXXXXXXXXXXXXXXXXXXXXXXXXXXX,3.6928963099487055,0.6765054961229301,80.86128639360314,80.83399281001255,0.4847456766384961,8.933140291015405,75,117,0.8897075844976803,1.4219115998822787
d009,bb001,1,XXXXXXXXXXXXXXXXXXXXXXXXXXXXXXXXXXXXXXXXXXXXXXXXXXXXXXXXXXXXXXXXXXXXXXXXXXX,1.7270646055832464,0.7609739035546972,85.27985444478114,86.68318174096026,0.5181957072068123,10.226492226230924,75,117,1.270582833476479,1.7547318501263776
d010,bb001,2,XXXXXXXXXXXXXXXXXXXXXXXXXXXXXXXXXXXXXXXXXXXXXXXXXXXXXXXXXXXXXXXXXXXXXXXXXXX,4.554700624999626,0.5460615121297583,79.89561076092257,77.82545453284128,0.4075421389090237,12.813457709161181,75,117,0.772879669380282,1.0408205419648215
d011,bb001,3,XXXXXXXXXXXXXXXXXXXXXXXXXXXXXXXXXXXXXXXXXXXXXXXXXXXXXXXXXXXXXXXXXXXXXXXXXXX,1.407117939838662,0.8350797343494548,86.47928036055822,86.45511105898169,0.7390434559008964,6.568066816052292,75,117,1.333896644262919,2.1668428635510213
d012,bb001,4,XXXXXXXXXXXXXXXXXXXXXXXXXXXXXXXXXXXXXXXXXXXXXXXXXXXXXXXXXXXXXXXXXXXXXXXXXXX,2.9431836733099996,0.6892979779509021,82.27501393227574,81.85363390354942,0.5561239768366831,11.175977599474825,75,117,0.9580203287077882,1.5503341747898463
d013,bb001,5,XXXXXXXXXXXXXXXXXXXXXXXXXXXXXXXXXXXXXXXXXXXXXXXXXXXXXXXXXXXXXXXXXXXXXXXXXXX,2.7099623645881086,0.7791416548064193,78.65135731865577,76.21957547044751,0.6611169934228701,8.616861957742417,75,117,0.8152096049218435,1.7834387458021876
d014,bb001,6,XXXXXXXXXXXXXXXXXXXXXXXXXXXXXXXXXXXXXXXXXXXXXXXXXXXXXXXXXXXXXXXXXXXXXXXXXXX,1.306766797925828,0.8962290920576135,85.36580777121496,82.23885187547758,0.8110670576873918,6.403281988788942,75,117,1.4141460409447197,2.3022119078887933
d015,bb001,7,XXXXXXXXXXXXXXXXXXXXXXXXXXXXXXXXXXXXXXXXXXXXXXXXXXXXXXXXXXXXXXXXXXXXXXXXXXX,3.114089694325321,0.7554609359396051,75.53246835307894,76.90396642362826,0.6962991489590291,6.434056895391337,75,117,1.2724933565030254,1.7669946610890643
d016,bb002,0,XXXXXXXXXXXXXXXXXXXXXXXXXXXXXXXXXXXXXXXXXXXXXXXXXXXXXXXXXXXXXXXXXXXXXXXXXXX,1.8286160329952252,0.8094131127379824,87.10102561464733,86.39912085021138,0.6750149047278772,9.196454827514032,75,117,1.0158069595821309,1.9886475737625298
d017,bb002,1,XXXXXXXXXXXXXXXXXXXXXXXXXXXXXXXXXXXXXXXXXXXXXXXXXXXXXXXXXXXXXXXXXXXXXXXXXXX,0.9753323196641565,0.8676696374500492,81.62928930879995,79.5847287455053,0.7985819681835142,8.06892999413273,75,117,1.6353536547063192,2.2236326668724926
d018,bb002,2,XXXXXXXXXXXXXXXXXXXXXXXXXXXXXXXXXXXXXXXXXXXXXXXXXXXXXXXXXXXXXXXXXXXXXXXXXXX,3.386550420669493,0.6501520170890257,80.42983729216004,80.23747941831338,0.5397431483018286,8.829399051089968,75,117,1.0678042735290771,1.478950515223706
d019,bb002,3,XXXXXXXXXXXXXXXXXXXXXXXXXXXXXXXXXXXXXXXXXXXXXXXXXXXXXXXXXXXXXXXXXXXXXXXXXXX,0.6789643899398007,0.944228400569581,86.6912793077051,88.94731702240371,0.7579356493212499,5.025614828645662,75,117,1.2096323021912803,2.400668107400989
d020,bb002,4,XXXXXXXXXXXXXXXXXXXXXXXXXXXXXXXXXXXXXXXXXXXXXXXXXXXXXXXXXXXXXXXXXXXXXXXXXXX,1.1360106276733275,0.8952276051553528,90.4249485200943,85.86347282935046,0.7259848270298808,8.935949617942496,75,117,1.2806740343035803,2.233141862259994
d021,bb002,5,XXXXXXXXXXXXXXXXXXXXXXXXXXXXXXXXXXXXXXXXXXXXXXXXXXXXXXXXXXXXXXXXXXXXXXXXXXX,2.1862698043887137,0.7271536159494603,84.80496418846737,81.81168680866071,0.5304114287262635,10.165578302884668,75,117,1.014100219761416,1.6836761400638323
d022,bb002,6,XXXXXXXXXXXXXXXXXXXXXXXXXXXXXXXXXXXXXXXXXXXXXXXXXXXXXXXXXXXXXXXXXXXXXXXXXXX,3.6765487439533775,0.636869614686056,83.49552684076204,81.64975395697151,0.47877596053076776,13.487764798546017,75,117,1.3413408880199789,1.313190673258186
d023,bb002,7,XXXXXXXXXXXXXXXXXXXXXXXXXXXXXXXXXXXXXXXXXXXXXXXXXXXXXXXXXXXXXXXXXXXXXXXXXXX,3.246910817335393,0.6867203347734059,80.74718319954685,83.66954093298752,0.5501474668923438,9.433542028099534,75,117,1.0399642958505826,1.5309777113656886
d024,bb003,0,XXXXXXXXXXXXXXXXXXXXXXXXXXXXXXXXXXXXXXXXXXXXXXXXXXXXXXXXXXXXXXXXXXXXXXXXXXX,2.482169859985277,0.8776567158781683,74.40370200244224,74.96887596828084,0.7800702952592815,8.141303049739001,75,117,1.0765085033351371,1.9907209841685647
d025,bb003,1,XXXXXXXXXXXXXXXXXXXXXXXXXXXXXXXXXXXXXXXXXXXXXXXXXXXXXXXXXXXXXXXXXXXXXXXXXXX,0.4853900653571989,1.0,87.9119745633177,89.44660904424015,0.9360384915582993,3.3485358771587896,75,117,1.6087927919410023,2.6996485131125807
d026,bb003,2,XXXXXXXXXXXXXXXXXXXXXXXXXXXXXXXXXXXXXXXXXXXXXXXXXXXXXXXXXXXXXXXXXXXXXXXXXXX,1.356219217836634,0.8217159106883956,80.22614916273336,77.9458273244809,0.6204352438507041,9.219508845671369,75,117,0.8878241842462701,1.9244005474693424
d027,bb003,3,XXXXXXXXXXXXXXXXXXXXXXXXXXXXXXXXXXXXXXXXXXXXXXXXXXXXXXXXXXXXXXXXXXXXXXXXXXX,1.603315684993391,0.825299263423202,81.91444681180968,79.67537506126862,0.7124107104938778,9.523684243615055,75,117,0.47616590072115295,2.0060491886635368
d028,bb003,4,XXXXXXXXXXXXXXXXXXXXXXXXXXXXXXXXXXXXXXXXXXXXXXXXXXXXXXXXXXXXXXXXXXXXXXXXXXX,0.9361799780176099,0.8332099021063889,92.53423881554085,93.42986624898627,0.6478617149378734,7.795833414952023,75,117,1.6832810985035682,2.1568793390988694
d029,bb003,5,XXXXXXXXXXXXXXXXXXXXXXXXXXXXXXXXXXXXXXXXXXXXXXXXXXXXXXXXXXXXXXXXXXXXXXXXXXX,0.3616537878250931,0.9342992705193163,91.19393353924669,91.31048220111758,0.8146041978905448,3.925441294082755,75,117,1.9647983857821008,2.5461685991381633
d030,bb003,6,XXXXXXXXXXXXXXXXXXXXXXXXXXXXXXXXXXXXXXXXXXXXXXXXXXXXXXXXXXXXXXXXXXXXXXXXXXX,2.262879804329203,0.7894922697465967,78.71847901945051,79.81595665717876,0.6539887102375507,7.555356903681557,75,117,1.0784192203652003,1.8532706516721011
d031,bb003,7,XXXXXXXXXXXXXXXXXXXXXXXXXXXXXXXXXXXXXXXXXXXXXXXXXXXXXXXXXXXXXXXXXXXXXXXXXXX,3.3165503784838464,0.728637643196027,73.50806661492398,73.13272463306707,0.5142285875840478,11.422386349451846,75,117,0.6189485878139444,1.417844132091893
d032,bb004,0,XXXXXXXXXXXXXXXXXXXXXXXXXXXXXXXXXXXXXXXXXXXXXXXXXXXXXXXXXXXXXXXXXXXXXXXXXXX,1.5069411459069433,0.8128516935221252,84.480099074354,85.03638652726326,0.7279813737483369,4.547696664259163,75,117,1.1068548071412168,2.1439860101381245
d033,bb004,1,XXXXXXXXXXXXXXXXXXXXXXXXXXXXXXXXXXXXXXXXXXXXXXXXXXXXXXXXXXXXXXXXXXXXXXXXXXX,3.645362508859872,0.6027564271106229,71.46364999425097,71.77988816406119,0.4622307487591241,12.636052876312448,75,117,1.114133115047799,1.1623663674000206
d034,bb004,2,XXXXXXXXXXXXXXXXXXXXXXXXXXXXXXXXXXXXXXXXXXXXXXXXXXXXXXXXXXXXXXXXXXXXXXXXXXX,0.6031953156961394,0.8323160169434534,85.05345645655315,86.608991234723,0.6723894033304303,7.08883376362564,75,117,1.1430228476933229,2.1531437779972884
d035,bb004,3,XXXXXXXXXXXXXXXXXXXXXXXXXXXXXXXXXXXXXXXXXXXXXXXXXXXXXXXXXXXXXXXXXXXXXXXXXXX,0.886987979393101,0.9031679060334445,87.92183296348084,89.53584952736978,0.7093634948656156,8.953176083519265,75,117,0.8659835874234455,2.223987410924173
d036,bb004,4,XXXXXXXXXXXXXXXXXXXXXXXXXXXXXXXXXXXXXXXXXXXXXXXXXXXXXXXXXXXXXXXXXXXXXXXXXXX,2.228858499973363,0.7239934294096856,86.26302876952668,83.02328478074314,0.5688799226343393,6.168770935231185,75,117,1.3738683427429432,1.8092423710373318
d037,bb004,5,XXXXXXXXXXXXXXXXXXXXXXXXXXXXXXXXXXXXXXXXXXXXXXXXXXXXXXXXXXXXXXXXXXXXXXXXXXX,1.4084359567943785,0.8326844329522585,87.15341105091885,82.65887394023714,0.7208105116917786,5.845562126891732,75,117,1.3573522125858257,2.1672742169359527
d038,bb004,6,XXXXXXXXXXXXXXXXXXXXXXXXXXXXXXXXXXXXXXXXXXXXXXXXXXXXXXXXXXXXXXXXXXXXXXXXXXX,3.1341345602494997,0.6427435050666707,69.08183736467197,71.08532815997498,0.5190069375131834,8.128172897911545,75,117,0.751678314054208,1.376591902243393
d039,bb004,7,XXXXXXXXXXXXXXXXXXXXXXXXXXXXXXXXXXXXXXXXXXXXXXXXXXXXXXXXXXXXXXXXXXXXXXXXXXX,2.794371560965469,0.7158497161908252,80.73857356250053,83.11402374902441,0.6106978446858666,7.768094596108472,75,117,1.4097590195084664,1.6991342484829808
d040,bb005,0,XXXXXXXXXXXXXXXXXXXXXXXXXXXXXXXXXXXXXXXXXXXXXXXXXXXXXXXXXXXXXXXXXXXXXXXXXXX,1.4886352103841323,0.7632500593937551,84.70575225398981,82.66450621496314,0.6550211461508219,8.581118220948621,75,117,1.8158054945837672,1.9448428426270894
d041,bb005,1,XXXXXXXXXXXXXXXXXXXXXXXXXXXXXXXXXXXXXXXXXXXXXXXXXXXXXXXXXXXXXXXXXXXXXXXXXXX,0.6605537420434121,0.8605923635261092,89.17848460882799,85.45881379573673,0.7905662099499067,5.500968282727048,75,117,1.251588099731118,2.3668686797054135
d042,bb005,2,XXXXXXXXXXXXXXXXXXXXXXXXXXXXXXXXXXXXXXXXXXXXXXXXXXXXXXXXXXXXXXXXXXXXXXXXXXX,1.3573797977911035,0.9707243758223046,91.37466448488819,91.57273412690259,0.8065126306968552,5.102706294034584,75,117,1.098802451379448,2.45319154570824
d043,bb005,3,XXXXXXXXXXXXXXXXXXXXXXXXXXXXXXXXXXXXXXXXXXXXXXXXXXXXXXXXXXXXXXXXXXXXXXXXXXX,2.8410415538991143,0.651524715546387,71.09314106565935,72.95481751836041,0.46252935314946175,11.435694336239598,75,117,1.1573990356777435,1.312167437237739
d044,bb005,4,XXXXXXXXXXXXXXXXXXXXXXXXXXXXXXXXXXXXXXXXXXXXXXXXXXXXXXXXXXXXXXXXXXXXXXXXXXX,3.2180468525267965,0.6233560358245883,75.5679106022601,79.16309964712873,0.5643815530707286,10.146214405656801,75,117,1.3845770300905684,1.418687721552102
d045,bb005,5,XXXXXXXXXXXXXXXXXXXXXXXXXXXXXXXXXXXXXXXXXXXXXXXXXXXXXXXXXXXXXXXXXXXXXXXXXXX,1.4132905037941752,0.9505166260366481,87.06378590194527,88.09638104614817,0.7888905548281206,4.287165950179167,75,117,0.6807985183478346,2.382972670501221
d046,bb005,6,XXXXXXXXXXXXXXXXXXXXXXXXXXXXXXXXXXXXXXXXXXXXXXXXXXXXXXXXXXXXXXXXXXXXXXXXXXX,0.3594465424171425,1.0,82.32569786811996,81.58226447494857,0.9057296222288689,4.757141261228937,75,117,1.2493172108931907,2.597899121443775
d047,bb005,7,XXXXXXXXXXXXXXXXXXXXXXXXXXXXXXXXXXXXXXXXXXXXXXXXXXXXXXXXXXXXXXXXXXXXXXXXXXX,0.5710295852512278,0.8843187100336101,93.76243524752192,91.9761740043522,0.7650556946893726,7.222996451169518,75,117,1.082860815161157,2.3854358696496885
d048,bb006,0,XXXXXXXXXXXXXXXXXXXXXXXXXXXXXXXXXXXXXXXXXXXXXXXXXXXXXXXXXXXXXXXXXXXXXXXXXXX,2.685454910333782,0.7130420611272202,81.40297053705095,81.42587312039225,0.585180978504331,10.044299293406192,75,117,1.7543475038868135,1.6428212681005587
d049,bb006,1,XXXXXXXXXXXXXXXXXXXXXXXXXXXXXXXXXXXXXXXXXXXXXXXXXXXXXXXXXXXXXXXXXXXXXXXXXXX,1.4694940759842692,0.8701283699485985,87.87573315843261,87.2772037506621,0.7505543276560535,7.324822266317932,75,117,1.1477481798585125,2.205994176264193
d050,bb006,2,XXXXXXXXXXXXXXXXXXXXXXXXXXXXXXXXXXXXXXXXXXXXXXXXXXXXXXXXXXXXXXXXXXXXXXXXXXX,1.4972911221596121,0.9367057700043184,82.10138364581428,80.07124783435665,0.8905858210102016,4.414082223029361,75,117,1.700366283335856,2.410294670796114
d051,bb006,3,XXXXXXXXXXXXXXXXXXXXXXXXXXXXXXXXXXXXXXXXXXXXXXXXXXXXXXXXXXXXXXXXXXXXXXXXXXX,0.8742868738172962,0.8632284586968585,89.97647898304999,94.07399028477656,0.8307546392798604,8.099026447059115,75,117,0.8688777906653978,2.344338671484307
d052,bb006,4,XXXXXXXXXXXXXXXXXXXXXXXXXXXXXXXXXXXXXXXXXXXXXXXXXXXXXXXXXXXXXXXXXXXXXXXXXXX,0.8597304308527958,0.901763064617615,91.04989710825816,94.62023391240243,0.7650558149124924,6.098354074996371,75,117,1.3761777500408376,2.369377726027482
d053,bb006,5,XXXXXXXXXXXXXXXXXXXXXXXXXXXXXXXXXXXXXXXXXXXXXXXXXXXXXXXXXXXXXXXXXXXXXXXXXXX,3.604674073936872,0.6783994714093999,77.4139843032854,79.68608167039626,0.5685690539343138,9.305132201680486,75,117,1.2958200791373686,1.474538316949271
d054,bb006,6,XXXXXXXXXXXXXXXXXXXXXXXXXXXXXXXXXXXXXXXXXXXXXXXXXXXXXXXXXXXXXXXXXXXXXXXXXXX,2.7513182723549434,0.7466064764878366,80.62016004946375,78.7784592538455,0.6757578367123723,6.706067568641231,75,117,0.9392858256405653,1.8193127350865277
d055,bb006,7,XXXXXXXXXXXXXXXXXXXXXXXXXXXXXXXXXXXXXXXXXXXXXXXXXXXXXXXXXXXXXXXXXXXXXXXXXXX,1.2135317810531232,0.8598390183331828,86.53062877817769,88.24066742677225,0.6815720648614972,6.183308826626294,75,117,1.2532188343910822,2.161698016338619
d056,bb007,0,XXXXXXXXXXXXXXXXXXXXXXXXXXXXXXXXXXXXXXXXXXXXXXXXXXXXXXXXXXXXXXXXXXXXXXXXXXX,2.1138365383042106,0.7819251979437769,78.61973192240167,79.89898474139747,0.6703861967803121,6.06634077655277,75,117,1.56375565104948,1.905798244586629
d057,bb007,1,XXXXXXXXXXXXXXXXXXXXXXXXXXXXXXXXXXXXXXXXXXXXXXXXXXXXXXXXXXXXXXXXXXXXXXXXXXX,2.3825493840791907,0.6930002711735818,80.47532508874163,81.36041633714973,0.5724071016585307,8.36347620030007,75,117,1.1028624887140197,1.6646361613056084
d058,bb007,2,XXXXXXXXXXXXXXXXXXXXXXXXXXXXXXXXXXXXXXXXXXXXXXXXXXXXXXXXXXXXXXXXXXXXXXXXXXX,5.649225309411754,0.4231687818600913,68.20531495989648,70.70464549398403,0.3465473142469599,13.656127771076616,75,117,0.692411205249071,0.6137241593433083
d059,bb007,3,XXXXXXXXXXXXXXXXXXXXXXXXXXXXXXXXXXXXXXXXXXXXXXXXXXXXXXXXXXXXXXXXXXXXXXXXXXX,0.7965125495975156,0.9070293705398007,88.5466533964233,89.81739568214584,0.7246579931883503,7.457598815356267,75,117,1.1947311520567663,2.288350666425507
d060,bb007,4,XXXXXXXXXXXXXXXXXXXXXXXXXXXXXXXXXXXXXXXXXXXXXXXXXXXXXXXXXXXXXXXXXXXXXXXXXXX,2.3605433706755523,0.7755541574137577,85.14725934760786,86.62728782021652,0.5685203670069334,9.84334648170344,75,117,0.9292730715622461,1.7626258511951456
d061,bb007,5,XXXXXXXXXXXXXXXXXXXXXXXXXXXXXXXXXXXXXXXXXXXXXXXXXXXXXXXXXXXXXXXXXXXXXXXXXXX,3.592763637662448,0.6129572752928044,72.29299203085218,73.5668045975966,0.39801237596395944,11.687474316504161,75,117,1.0972977184008352,1.1408737214689575
d062,bb007,6,XXXXXXXXXXXXXXXXXXXXXXXXXXXXXXXXXXXXXXXXXXXXXXXXXXXXXXXXXXXXXXXXXXXXXXXXXXX,5.231310019853613,0.5004459241418957,69.88255130427063,70.56413412027484,0.34453212607822575,15.148698576621882,75,117,1.1755236690944637,0.7176985897450289
d063,bb007,7,XXXXXXXXXXXXXXXXXXXXXXXXXXXXXXXXXXXXXXXXXXXXXXXXXXXXXXXXXXXXXXXXXXXXXXXXXXX,1.163599798247556,0.9342758110662358,91.56232294720756,87.9951006877792,0.7679144657126455,7.286658625623802,75,117,0.6883043351953448,2.3557203539137253
d064,bb008,0,XXXXXXXXXXXXXXXXXXXXXXXXXXXXXXXXXXXXXXXXXXXXXXXXXXXXXXXXXXXXXXXXXXXXXXXXXXX,1.4548507623827012,0.8622863901451532,81.56995672581462,81.73719888063573,0.7113981717981998,6.9553604464993795,75,117,0.7153024982037965,2.104791844033241
d065,bb008,1,XXXXXXXXXXXXXXXXXXXXXXXXXXXXXXXXXXXXXXXXXXXXXXXXXXXXXXXXXXXXXXXXXXXXXXXXXXX,3.154159430430576,0.7021718773769026,74.88290206672407,73.77051814902582,0.6788162477606883,6.801933323310544,75,117,1.3446200506576576,1.678362536295563
d066,bb008,2,XXXXXXXXXXXXXXXXXXXXXXXXXXXXXXXXXXXXXXXXXXXXXXXXXXXXXXXXXXXXXXXXXXXXXXXXXXX,0.47720847555033913,0.9549369198238594,89.019692984011,86.46001106873096,0.8647428963368384,5.257269747181608,75,117,1.043184391149096,2.5570105035021418
d067,bb008,3,XXXXXXXXXXXXXXXXXXXXXXXXXXXXXXXXXXXXXXXXXXXXXXXXXXXXXXXXXXXXXXXXXXXXXXXXXXX,2.5260708097499927,0.7473971386795715,83.90477522537881,87.26840846398046,0.574552868994533,9.940008739327563,75,117,0.43057669745382987,1.709590504166342
d068,bb008,4,XXXXXXXXXXXXXXXXXXXXXXXXXXXXXXXXXXXXXXXXXXXXXXXXXXXXXXXXXXXXXXXXXXXXXXXXXXX,6.962159724841929,0.3,63.9376052540854,67.3955959358568,0.23738542262254786,13.554871503671567,75,117,1.4354532109824405,0.20944807260577758
d069,bb008,5,XXXXXXXXXXXXXXXXXXXXXXXXXXXXXXXXXXXXXXXXXXXXXXXXXXXXXXXXXXXXXXXXXXXXXXXXXXX,2.713144494608435,0.7445102636228219,85.14155050696633,87.85999170755755,0.5997053254430236,9.103333758048969,75,117,1.281710926582272,1.742249969513686
d070,bb008,6,XXXXXXXXXXXXXXXXXXXXXXXXXXXXXXXXXXXXXXXXXXXXXXXXXXXXXXXXXXXXXXXXXXXXXXXXXXX,0.3,0.9651356700793255,92.3021759302661,92.81260276397785,0.8044039111693883,5.913783317062582,75,117,0.9858375527890548,2.5442856742101236
d071,bb008,7,XXXXXXXXXXXXXXXXXXXXXXXXXXXXXXXXXXXXXXXXXXXXXXXXXXXXXXXXXXXXXXXXXXXXXXXXXXX,0.9864506786806135,1.0,89.66809022250794,92.36934046441326,0.8592662824707692,3.1836647357945234,75,117,0.8049509366825275,2.593628822111897
d072,bb009,0,XXXXXXXXXXXXXXXXXXXXXXXXXXXXXXXXXXXXXXXXXXXXXXXXXXXXXXXXXXXXXXXXXXXXXXXXXXX,1.1937136893636955,0.9592963761873925,87.74003967018251,87.76414603138616,0.8443252944174229,5.086909789742552,75,117,1.450742368894301,2.45991250257542
d073,bb009,1,XXXXXXXXXXXXXXXXXXXXXXXXXXXXXXXXXXXXXXXXXXXXXXXXXXXXXXXXXXXXXXXXXXXXXXXXXXX,4.1476354458989055,0.6045287830379346,83.75697947926344,84.16257403305899,0.4771129805399404,9.22973262239439,75,117,1.3048051867681287,1.319853361332731
d074,bb009,2,XXXXXXXXXXXXXXXXXXXXXXXXXXXXXXXXXXXXXXXXXXXXXXXXXXXXXXXXXXXXXXXXXXXXXXXXXXX,1.7641725395195413,0.7854298855633074,82.56370622133754,80.37676348041357,0.7100794736436946,9.222848624431753,75,117,1.914780684805222,1.9602721949797883
d075,bb009,3,XXXXXXXXXXXXXXXXXXXXXXXXXXXXXXXXXXXXXXXXXXXXXXXXXXXXXXXXXXXXXXXXXXXXXXXXXXX,0.3657246430905882,0.9078069620917703,80.61444342014424,81.40842602914192,0.709929354575473,9.093196595230634,75,117,1.3260565796174812,2.2054443546550146
d076,bb009,4,XXXXXXXXXXXXXXXXXXXXXXXXXXXXXXXXXXXXXXXXXXXXXXXXXXXXXXXXXXXXXXXXXXXXXXXXXXX,1.91783209994165,0.8677739376602782,89.22514707128738,89.34591892813621,0.7313134970123639,6.457581052323002,75,117,1.3163109423786044,2.1704040743448907
d077,bb009,5,XXXXXXXXXXXXXXXXXXXXXXXXXXXXXXXXXXXXXXXXXXXXXXXXXXXXXXXXXXXXXXXXXXXXXXXXXXX,2.2086851164483354,0.7922689496125234,79.88663308949144,77.28132885582251,0.7929257409810627,6.272518169099481,75,117,1.1499216209674303,2.0377421464616776
d078,bb009,6,XXXXXXXXXXXXXXXXXXXXXXXXXXXXXXXXXXXXXXXXXXXXXXXXXXXXXXXXXXXXXXXXXXXXXXXXXXX,1.3219278698252357,0.891814383187057,85.4742922655275,85.3718980418943,0.7637869319996151,3.0,75,117,1.4450327601602373,2.3181514508594234
d079,bb009,7,XXXXXXXXXXXXXXXXXXXXXXXXXXXXXXXXXXXXXXXXXXXXXXXXXXXXXXXXXXXXXXXXXXXXXXXXXXX,0.8464796802504481,0.8281227326262456,92.06390393850292,91.9044448107893,0.7669711846939297,4.459997185111267,75,117,1.387525560374446,2.3418850449779343
d080,bb010,0,XXXXXXXXXXXXXXXXXXXXXXXXXXXXXXXXXXXXXXXXXXXXXXXXXXXXXXXXXXXXXXXXXXXXXXXXXXX,7.441531972641962,0.30221872681371287,55.68521693835694,59.28033927164622,0.22657286304100202,15.48102008503377,75,117,1.5755175025695585,0.03187016027341272
d081,bb010,1,XXXXXXXXXXXXXXXXXXXXXXXXXXXXXXXXXXXXXXXXXXXXXXXXXXXXXXXXXXXXXXXXXXXXXXXXXXX,3.600502382081194,0.6626707787025987,71.49152721077097,73.27995386779779,0.5754425555988287,8.033834467080794,75,117,1.0436031244088146,1.4323016788594019
d082,bb010,2,XXXXXXXXXXXXXXXXXXXXXXXXXXXXXXXXXXXXXXXXXXXXXXXXXXXXXXXXXXXXXXXXXXXXXXXXXXX,3.818149977942198,0.5626634679850563,69.27682583424134,69.29971671242427,0.4535579614669161,12.907551417541498,75,117,1.0693777581168113,1.069023661649336
d083,bb010,3,XXXXXXXXXXXXXXXXXXXXXXXXXXXXXXXXXXXXXXXXXXXXXXXXXXXXXXXXXXXXXXXXXXXXXXXXXXX,1.7670194775369144,0.7997218118738112,80.19713179913488,80.69470641873704,0.6612292516282199,11.093818266814033,75,117,1.056269048726406,1.8643440684034074
d084,bb010,4,XXXXXXXXXXXXXXXXXXXXXXXXXXXXXXXXXXXXXXXXXXXXXXXXXXXXXXXXXXXXXXXXXXXXXXXXXXX,1.1474411952799748,0.8984417406898285,87.45564194176806,87.54406669797646,0.7196234467845748,5.2818558787337,75,117,1.4372405163536968,2.272240369789412
d085,bb010,5,XXXXXXXXXXXXXXXXXXXXXXXXXXXXXXXXXXXXXXXXXXXXXXXXXXXXXXXXXXXXXXXXXXXXXXXXXXX,1.3747041100318216,0.86515292891463,86.94161095863176,86.53578298904065,0.7501527039710447,5.241056222393405,75,117,1.6495123320890195,2.242430207020942
d086,bb010,6,XXXXXXXXXXXXXXXXXXXXXXXXXXXXXXXXXXXXXXXXXXXXXXXXXXXXXXXXXXXXXXXXXXXXXXXXXXX,0.6016281856907819,0.925228622140744,88.84899102097378,86.68413662619722,0.7401289004673812,7.030852344052034,75,117,1.0623478520552099,2.353067567367744
d087,bb010,7,XXXXXXXXXXXXXXXXXXXXXXXXXXXXXXXXXXXXXXXXXXXXXXXXXXXXXXXXXXXXXXXXXXXXXXXXXXX,5.579284100301523,0.4368971765665497,63.426621088299825,63.12451733308597,0.3764867207255662,15.63991324968924,75,117,1.0725678816620725,0.5769234331511769
d088,bb011,0,XXXXXXXXXXXXXXXXXXXXXXXXXXXXXXXXXXXXXXXXXXXXXXXXXXXXXXXXXXXXXXXXXXXXXXXXXXX,1.8217788296700916,0.8052232481226467,73.92791564220659,72.43571912890155,0.7289652735326775,5.04506360760195,75,117,1.2942231671609397,1.9903885229583418
d089,bb011,1,XXXXXXXXXXXXXXXXXXXXXXXXXXXXXXXXXXXXXXXXXXXXXXXXXXXXXXXXXXXXXXXXXXXXXXXXXXX,4.78219288190346,0.5294088374147774,72.28419103442354,69.78355995657725,0.4447945240351612,12.367252750827513,75,117,1.1262715499961296,0.9714809285872777
d090,bb011,2,XXXXXXXXXXXXXXXXXXXXXXXXXXXXXXXXXXXXXXXXXXXXXXXXXXXXXXXXXXXXXXXXXXXXXXXXXXX,1.4285499025566621,0.9307196083939917,82.75583373085918,83.77827735995425,0.773335210876808,8.81191448043712,75,117,1.4856160959419669,2.212519876714983
d091,bb011,3,XXXXXXXXXXXXXXXXXXXXXXXXXXXXXXXXXXXXXXXXXXXXXXXXXXXXXXXXXXXXXXXXXXXXXXXXXXX,2.7404729219980486,0.5976197857536303,81.56076962937377,82.34329894924024,0.5105560861437021,8.332351727144461,75,117,0.524466812814286,1.4830892414483758
d092,bb011,4,XXXXXXXXXXXXXXXXXXXXXXXXXXXXXXXXXXXXXXXXXXXXXXXXXXXXXXXXXXXXXXXXXXXXXXXXXXX,2.2975073074844015,0.7584067560260757,84.19216210181858,80.61874707908242,0.6171324276461474,6.970012492100598,75,117,0.9519884859249316,1.848309824099957
d093,bb011,5,XXXXXXXXXXXXXXXXXXXXXXXXXXXXXXXXXXXXXXXXXXXXXXXXXXXXXXXXXXXXXXXXXXXXXXXXXXX,0.5410343398849882,0.9547221870801236,88.52408695366601,88.27871767867576,0.8560273246453687,3.9560982466921066,75,117,0.9652750998115662,2.5627649823398113
d094,bb011,6,XXXXXXXXXXXXXXXXXXXXXXXXXXXXXXXXXXXXXXXXXXXXXXXXXXXXXXXXXXXXXXXXXXXXXXXXXXX,6.035000830373844,0.41129961644697066,70.4092792276015,72.40068199940134,0.22859935059151743,15.10432907006957,75,117,0.5038931962841565,0.4384050948757274
d095,bb011,7,XXXXXXXXXXXXXXXXXXXXXXXXXXXXXXXXXXXXXXXXXXXXXXXXXXXXXXXXXXXXXXXXXXXXXXXXXXX,1.4631647778584018,0.8350877931480953,85.42997757949126,87.54842505728391,0.6847986454273535,8.892526313938106,75,117,0.9109084666893588,2.050019210305759
d096,bb012,0,XXXXXXXXXXXXXXXXXXXXXXXXXXXXXXXXXXXXXXXXXXXXXXXXXXXXXXXXXXXXXXXXXXXXXXXXXXX,0.7284844261861524,0.8393154682574556,89.38844222420781,91.44011590997829,0.6058433216755102,9.457309789572072,75,117,0.9254531652462221,2.0770485737649875
d097,bb012,1,XXXXXXXXXXXXXXXXXXXXXXXXXXXXXXXXXXXXXXXXXXXXXXXXXXXXXXXXXXXXXXXXXXXXXXXXXXX,3.171351503241861,0.6992646238615193,75.28873881136349,75.36656522516641,0.5045851199640072,8.255024751184678,75,117,1.1396686036443509,1.4745014865912816
d098,bb012,2,XXXXXXXXXXXXXXXXXXXXXXXXXXXXXXXXXXXXXXXXXXXXXXXXXXXXXXXXXXXXXXXXXXXXXXXXXXX,1.992075726978442,0.8871599380103651,81.811270368505,80.1211797125667,0.8166370557000241,6.073648601750782,75,117,1.533889767498079,2.201229152662579
d099,bb012,3,XXXXXXXXXXXXXXXXXXXXXXXXXXXXXXXXXXXXXXXXXXXXXXXXXXXXXXXXXXXXXXXXXXXXXXXXXXX,2.569875220866997,0.6663194076674934,81.1500723083766,78.98267465366047,0.5944467159993284,8.433650780978612,75,117,1.1264818046427894,1.646606309044316
